date,status,filename,source_url,listed_size_mb,md5,downloaded,validated_rows,quarantined,duplicates,notes
2026-09-09,SOURCE_VERIFIED,20260909.export.CSV.zip,https://data.gdeltproject.org/events/20260909.export.CSV.zip,7.5,4c0cafe6b00fc7c2d6a73030a52d7ef9,no,,,,Official GDELT events index verifies file and MD5; runtime download not executed
2026-09-10,SOURCE_VERIFIED,20260910.export.CSV.zip,https://data.gdeltproject.org/events/20260910.export.CSV.zip,7.5,029d573f2bc9556f8eff2beb69c46663,no,,,,Official GDELT events index verifies file and MD5; runtime download not executed
2026-09-11,SOURCE_VERIFIED,20260911.export.CSV.zip,https://data.gdeltproject.org/events/20260911.export.CSV.zip,7.2,6f732e571bb34991cf9b2fb419434265,no,,,,Official GDELT events index verifies file and MD5; runtime download not executed
2026-09-12,SOURCE_VERIFIED,20260912.export.CSV.zip,https://data.gdeltproject.org/events/20260912.export.CSV.zip,4.5,5c54f44cf129970e1ed567c1d7640136,no,,,,Official GDELT events index verifies file and MD5; runtime download not executed
2026-09-13,SOURCE_VERIFIED,20260913.export.CSV.zip,https://data.gdeltproject.org/events/20260913.export.CSV.zip,3.5,2c1f0095679564626cd857f58c0806fe9,no,,,,Official GDELT events index verifies file and MD5; runtime download not executed
2026-09-14,SOURCE_VERIFIED,20260914.export.CSV.zip,https://data.gdeltproject.org/events/20260914.export.CSV.zip,6.2,d8d64046827ca5f5759faf055e1b8caa4,no,,,,Official GDELT events index verifies file and MD5; runtime download not executed
2026-09-15,SOURCE_VERIFIED,20260915.export.CSV.zip,https://data.gdeltproject.org/events/20260915.export.CSV.zip,7.2,d56a773de28f37145e63264dee555133,no,,,,Official GDELT events index verifies file and MD5; runtime download not executed
2026-09-16,SOURCE_VERIFIED,20260916.export.CSV.zip,https://data.gdeltproject.org/events/20260916.export.CSV.zip,7.4,44047a1e2a29319673c656d14dbfd425,no,,,,Official GDELT events index verifies file and MD5; runtime download not executed
2026-09-17,SOURCE_VERIFIED,20260917.export.CSV.zip,https://data.gdeltproject.org/events/20260917.export.CSV.zip,7.3,9d24b8c861bb37ba702a13be2977adce,no,,,,Official GDELT events index verifies file and MD5; runtime download not executed
